,_id,name,intelligence,strength,speed,durability,power,combat
0,60f2ff8eae3b3d2c18553054,A-Bomb,38,100,17,80,24,64
1,60f2ff8eae3b3d2c18553055,Abe Sapien,88,28,35,65,100,85
2,60f2ff8eae3b3d2c18553056,Abin Sur,50,90,53,64,99,65
3,60f2ff8eae3b3d2c18553057,Abomination,63,80,53,90,62,95
4,60f2ff8eae3b3d2c18553058,Abraxas,88,63,83,100,100,55
5,60f2ff8eae3b3d2c18553059,Absorbing Man,38,80,25,100,98,64
6,60f2ff8eae3b3d2c1855305a,Adam Monroe,63,10,12,100,100,64
7,60f2ff8eae3b3d2c1855305b,Adam Strange,69,10,33,40,37,50
8,60f2ff8eae3b3d2c1855305c,Agent 13,0,46,0,0,0,0
9,60f2ff8eae3b3d2c1855305d,Agent Bob,10,8,13,5,5,20
10,60f2ff8eae3b3d2c1855305e,Agent Zero,75,28,38,80,72,95
11,60f2ff8eae3b3d2c1855305f,Air-Walker,50,85,100,85,100,40
12,60f2ff8eae3b3d2c18553060,Ajax,56,48,35,80,34,55
13,60f2ff8eae3b3d2c18553061,Alan Scott,63,80,23,90,100,32
14,60f2ff8eae3b3d2c18553062,Alex Mercer,50,80,42,90,100,50
15,60f2ff8eae3b3d2c18553063,Alex Woolsly,0,37,0,0,0,0
16,60f2ff8eae3b3d2c18553064,Alfred Pennyworth,63,10,17,10,7,55
17,60f2ff8eae3b3d2c18553065,Alien,50,28,42,90,57,60
18,60f2ff8eae3b3d2c18553066,Allan Quatermain,0,0,0,0,0,0
19,60f2ff8eae3b3d2c18553067,Amazo,63,100,83,100,100,100
20,60f2ff8eae3b3d2c18553068,Ammo,0,0,0,0,0,0
21,60f2ff8eae3b3d2c18553069,Ando Masahashi,0,0,0,0,0,0
22,60f2ff8eae3b3d2c1855306a,Angel,75,30,58,90,100,75
23,60f2ff8eae3b3d2c1855306b,Angel,63,13,46,64,28,42
24,60f2ff8eae3b3d2c1855306c,Angel Dust,38,55,23,42,17,30
25,60f2ff8eae3b3d2c1855306d,Angel Salvadore,38,10,28,28,56,60
26,60f2ff8eae3b3d2c1855306e,Angela,0,97,0,0,0,0
27,60f2ff8eae3b3d2c1855306f,Animal Man,56,48,47,85,73,80
28,60f2ff8eae3b3d2c18553070,Annihilus,75,80,47,56,59,64
29,60f2ff8eae3b3d2c18553071,Ant-Man,100,18,23,28,32,32
30,60f2ff8eae3b3d2c18553072,Ant-Man II,75,18,17,40,53,30
31,60f2ff8eae3b3d2c18553073,Anti-Monitor,88,100,50,100,100,90
32,60f2ff8eae3b3d2c18553074,Anti-Spawn,0,58,0,0,0,0
33,60f2ff8eae3b3d2c18553075,Anti-Venom,75,60,65,90,96,84
34,60f2ff8eae3b3d2c18553076,Apocalypse,100,100,33,100,100,60
35,60f2ff8eae3b3d2c18553077,Aquababy,10,16,12,14,37,14
36,60f2ff8eae3b3d2c18553078,Aqualad,63,44,42,75,89,60
37,60f2ff8eae3b3d2c18553079,Aquaman,81,85,79,80,100,80
38,60f2ff8eae3b3d2c1855307a,Arachne,50,48,50,70,71,70
39,60f2ff8eae3b3d2c1855307b,Archangel,63,13,58,64,35,42
40,60f2ff8eae3b3d2c1855307c,Arclight,38,63,23,42,52,70
41,60f2ff8eae3b3d2c1855307d,Ardina,63,100,100,80,100,25
42,60f2ff8eae3b3d2c1855307e,Ares,75,82,35,80,84,101
43,60f2ff8eae3b3d2c1855307f,Ariel,50,10,12,14,94,28
44,60f2ff8eae3b3d2c18553080,Armor,50,63,12,80,55,54
45,60f2ff8eae3b3d2c18553081,Arsenal,0,54,0,0,0,0
46,60f2ff8eae3b3d2c18553082,Astro Boy,0,90,0,0,0,0
47,60f2ff8eae3b3d2c18553083,Atlas,63,80,25,100,98,50
48,60f2ff8eae3b3d2c18553084,Atlas,63,100,42,100,27,80
49,60f2ff8eae3b3d2c18553085,Atom,0,0,0,0,0,0
50,60f2ff8eae3b3d2c18553086,Atom,0,0,0,0,0,0
51,60f2ff8eae3b3d2c18553087,Atom Girl,38,10,23,28,38,42
52,60f2ff8eae3b3d2c18553088,Atom II,88,10,33,45,40,60
53,60f2ff8eae3b3d2c18553089,Atom III,0,0,0,0,0,0
54,60f2ff8eae3b3d2c1855308a,Atom IV,0,0,0,0,0,0
55,60f2ff8eae3b3d2c1855308b,Aurora,63,10,96,60,74,56
56,60f2ff8eae3b3d2c1855308c,Azazel,50,11,47,95,100,80
57,60f2ff8eae3b3d2c1855308d,Azrael,63,18,17,20,35,80
58,60f2ff8eae3b3d2c1855308e,Aztar,0,98,0,0,0,0
59,60f2ff8eae3b3d2c1855308f,Bane,88,38,23,56,51,95
60,60f2ff8eae3b3d2c18553090,Banshee,50,10,58,40,63,70
61,60f2ff8eae3b3d2c18553091,Bantam,25,53,23,54,21,56
62,60f2ff8eae3b3d2c18553092,Batgirl,88,11,33,40,34,90
63,60f2ff8eae3b3d2c18553093,Batgirl,0,27,0,0,0,0
64,60f2ff8eae3b3d2c18553094,Batgirl III,0,43,0,0,0,0
65,60f2ff8eae3b3d2c18553095,Batgirl IV,69,12,27,56,46,100
66,60f2ff8eae3b3d2c18553096,Batgirl V,0,0,0,0,0,0
67,60f2ff8eae3b3d2c18553097,Batgirl VI,75,10,23,28,22,80
68,60f2ff8eae3b3d2c18553098,Batman,81,40,29,55,63,90
69,60f2ff8eae3b3d2c18553099,Batman,100,26,27,50,47,100
70,60f2ff8eae3b3d2c1855309a,Batman II,88,11,33,28,36,100
71,60f2ff8eae3b3d2c1855309b,Battlestar,50,53,35,74,48,74
72,60f2ff8eae3b3d2c1855309c,Batwoman V,81,8,29,25,27,80
73,60f2ff8eae3b3d2c1855309d,Beak,0,0,0,0,0,0
74,60f2ff8eae3b3d2c1855309e,Beast,94,48,38,60,43,85
75,60f2ff8eae3b3d2c1855309f,Beast Boy,50,28,50,70,79,40
76,60f2ff8eae3b3d2c185530a0,Beetle,0,54,0,0,0,0
77,60f2ff8eae3b3d2c185530a1,Ben 10,10,7,8,10,90,40
78,60f2ff8eae3b3d2c185530a2,Beta Ray Bill,63,80,35,95,100,84
79,60f2ff8eae3b3d2c185530a3,Beyonder,100,100,100,100,100,84
80,60f2ff8eae3b3d2c185530a4,Big Barda,88,100,79,100,100,100
81,60f2ff8eae3b3d2c185530a5,Big Daddy,38,10,12,32,22,64
82,60f2ff8eae3b3d2c185530a6,Big Man,75,12,23,28,19,70
83,60f2ff8eae3b3d2c185530a7,Bill Harken,63,36,33,60,27,40
84,60f2ff8eae3b3d2c185530a8,Billy Kincaid,0,0,0,0,0,0
85,60f2ff8eae3b3d2c185530a9,Binary,0,0,0,0,0,0
86,60f2ff8eae3b3d2c185530aa,Bionic Woman,56,37,33,40,20,40
87,60f2ff8eae3b3d2c185530ab,Bird-Brain,25,10,35,28,21,42
88,60f2ff8eae3b3d2c185530ac,Bird-Man,0,0,0,0,0,0
89,60f2ff8eae3b3d2c185530ad,Bird-Man II,0,0,0,0,0,0
90,60f2ff8eae3b3d2c185530ae,Birdman,0,35,0,0,0,0
91,60f2ff8eae3b3d2c185530af,Bishop,63,14,23,75,100,65
92,60f2ff8eae3b3d2c185530b0,Bizarro,38,95,100,100,100,85
93,60f2ff8eae3b3d2c185530b1,Black Abbott,0,0,0,0,0,0
94,60f2ff8eae3b3d2c185530b2,Black Adam,88,100,92,100,100,56
95,60f2ff8eae3b3d2c185530b3,Black Bolt,75,67,100,84,100,56
96,60f2ff8eae3b3d2c185530b4,Black Canary,63,8,33,20,52,80
97,60f2ff8eae3b3d2c185530b5,Black Canary,63,8,33,15,45,80
98,60f2ff8eae3b3d2c185530b6,Black Cat,75,16,33,10,23,70
99,60f2ff8eae3b3d2c185530b7,Black Flash,44,10,100,80,100,30
100,60f2ff8eae3b3d2c185530b8,Black Goliath,0,0,0,0,0,0
101,60f2ff8eae3b3d2c185530b9,Black Knight III,63,10,8,70,43,70
102,60f2ff8eae3b3d2c185530ba,Black Lightning,50,11,53,28,70,75
103,60f2ff8eae3b3d2c185530bb,Black Mamba,75,10,35,42,88,65
104,60f2ff8eae3b3d2c185530bc,Black Manta,75,28,50,60,76,85
105,60f2ff8eae3b3d2c185530bd,Black Panther,88,16,30,60,41,100
106,60f2ff8eae3b3d2c185530be,Black Widow,75,13,33,30,36,100
107,60f2ff8eae3b3d2c185530bf,Black Widow II,0,48,0,0,0,0
108,60f2ff8eae3b3d2c185530c0,Blackout,63,32,45,80,45,65
109,60f2ff8eae3b3d2c185530c1,Blackwing,38,10,35,32,20,56
110,60f2ff8eae3b3d2c185530c2,Blackwulf,50,28,8,30,69,25
111,60f2ff8eae3b3d2c185530c3,Blade,63,28,38,50,40,90
112,60f2ff8eae3b3d2c185530c4,Blaquesmith,0,0,0,0,0,0
113,60f2ff8eae3b3d2c185530c5,Bling!,69,14,12,90,52,28
114,60f2ff8eae3b3d2c185530c6,Blink,50,8,20,28,77,64
115,60f2ff8eae3b3d2c185530c7,Blizzard,0,0,0,0,0,0
116,60f2ff8eae3b3d2c185530c8,Blizzard,0,72,0,0,0,0
117,60f2ff8eae3b3d2c185530c9,Blizzard II,38,10,27,42,47,56
118,60f2ff8eae3b3d2c185530ca,Blob,10,83,23,95,28,72
119,60f2ff8eae3b3d2c185530cb,Bloodaxe,63,80,33,80,100,84
120,60f2ff8eae3b3d2c185530cc,Bloodhawk,50,10,50,80,80,64
121,60f2ff8eae3b3d2c185530cd,Bloodwraith,0,72,0,0,0,0
122,60f2ff8eae3b3d2c185530ce,Blue Beetle,0,0,0,0,0,0
123,60f2ff8eae3b3d2c185530cf,Blue Beetle,0,0,0,0,0,0
124,60f2ff8eae3b3d2c185530d0,Blue Beetle II,0,45,0,0,0,0
125,60f2ff8eae3b3d2c185530d1,Blue Beetle III,50,34,58,80,100,30
126,60f2ff8eae3b3d2c185530d2,Boba Fett,63,10,38,36,68,70
127,60f2ff8eae3b3d2c185530d3,Bolt,0,0,0,0,0,0
128,60f2ff8eae3b3d2c185530d4,Bomb Queen,0,73,0,0,0,0
129,60f2ff8eae3b3d2c185530d5,Boom-Boom,38,10,12,42,57,64
130,60f2ff8eae3b3d2c185530d6,Boomer,0,0,0,0,0,0
131,60f2ff8eae3b3d2c185530d7,Booster Gold,69,85,42,70,100,40
132,60f2ff8eae3b3d2c185530d8,Box,0,0,0,0,0,0
133,60f2ff8eae3b3d2c185530d9,Box III,0,0,0,0,0,0
134,60f2ff8eae3b3d2c185530da,Box IV,50,75,23,28,11,56
135,60f2ff8eae3b3d2c185530db,Brainiac,100,95,63,90,60,75
136,60f2ff8eae3b3d2c185530dc,Brainiac 5,100,10,23,28,60,32
137,60f2ff8eae3b3d2c185530dd,Brother Voodoo,0,65,0,0,0,0
138,60f2ff8eae3b3d2c185530de,Brundlefly,69,32,25,40,27,15
139,60f2ff8eae3b3d2c185530df,Buffy,63,28,42,70,48,60
140,60f2ff8eae3b3d2c185530e0,Bullseye,50,11,25,70,20,70
141,60f2ff8eae3b3d2c185530e1,Bumblebee,63,28,25,10,47,35
142,60f2ff8eae3b3d2c185530e2,Bumbleboy,0,0,0,0,0,0
143,60f2ff8eae3b3d2c185530e3,Bushido,38,10,8,10,19,70
144,60f2ff8eae3b3d2c185530e4,Cable,88,48,23,56,100,80
145,60f2ff8eae3b3d2c185530e5,Callisto,63,53,23,42,52,85
146,60f2ff8eae3b3d2c185530e6,Cameron Hicks,50,10,23,28,51,70
147,60f2ff8eae3b3d2c185530e7,Cannonball,50,28,67,99,94,56
148,60f2ff8eae3b3d2c185530e8,Captain America,69,19,38,55,60,100
149,60f2ff8eae3b3d2c185530e9,Captain Atom,81,93,83,90,100,80
150,60f2ff8eae3b3d2c185530ea,Captain Britain,75,77,50,60,31,80
151,60f2ff8eae3b3d2c185530eb,Captain Cold,50,10,17,20,28,20
152,60f2ff8eae3b3d2c185530ec,Captain Epic,0,0,0,0,0,0
153,60f2ff8eae3b3d2c185530ed,Captain Hindsight,25,10,83,30,10,20
154,60f2ff8eae3b3d2c185530ee,Captain Mar-vell,0,80,0,0,0,0
155,60f2ff8eae3b3d2c185530ef,Captain Marvel,88,100,88,95,100,75
156,60f2ff8eae3b3d2c185530f0,Captain Marvel,84,88,71,95,100,90
157,60f2ff8eae3b3d2c185530f1,Captain Marvel II,75,81,27,90,34,56
158,60f2ff8eae3b3d2c185530f2,Captain Midnight,0,0,0,0,0,0
159,60f2ff8eae3b3d2c185530f3,Captain Planet,50,88,75,80,100,60
160,60f2ff8eae3b3d2c185530f4,Captain Universe,0,92,0,0,0,0
161,60f2ff8eae3b3d2c185530f5,Carnage,63,63,70,84,88,90
162,60f2ff8eae3b3d2c185530f6,Cat,0,90,0,0,0,0
163,60f2ff8eae3b3d2c185530f7,Cat II,0,0,0,0,0,0
164,60f2ff8eae3b3d2c185530f8,Catwoman,69,11,33,28,27,85
165,60f2ff8eae3b3d2c185530f9,Cecilia Reyes,0,0,0,0,0,0
166,60f2ff8eae3b3d2c185530fa,Century,88,80,53,64,100,100
167,60f2ff8eae3b3d2c185530fb,Cerebra,0,57,0,0,0,0
168,60f2ff8eae3b3d2c185530fc,Chamber,50,10,20,80,57,64
169,60f2ff8eae3b3d2c185530fd,Chameleon,88,10,12,28,28,28
170,60f2ff8eae3b3d2c185530fe,Changeling,63,10,23,42,64,64
171,60f2ff8eae3b3d2c185530ff,Cheetah,38,8,42,20,32,70
172,60f2ff8eae3b3d2c18553100,Cheetah II,38,20,42,20,39,60
173,60f2ff8eae3b3d2c18553101,Cheetah III,88,100,88,80,78,95
174,60f2ff8eae3b3d2c18553102,Chromos,0,0,0,0,0,0
175,60f2ff8eae3b3d2c18553103,Chuck Norris,50,80,47,56,42,99
176,60f2ff8eae3b3d2c18553104,Citizen Steel,50,95,33,100,23,60
177,60f2ff8eae3b3d2c18553105,Claire Bennet,38,9,12,100,90,28
178,60f2ff8eae3b3d2c18553106,Clea,0,39,0,0,0,0
179,60f2ff8eae3b3d2c18553107,Cloak,63,10,47,64,100,56
180,60f2ff8eae3b3d2c18553108,Clock King,75,10,17,10,7,40
181,60f2ff8eae3b3d2c18553109,Cogliostro,0,0,0,0,0,0
182,60f2ff8eae3b3d2c1855310a,Colin Wagner,0,0,0,0,0,0
183,60f2ff8eae3b3d2c1855310b,Colossal Boy,0,0,0,0,0,0
184,60f2ff8eae3b3d2c1855310c,Colossus,63,83,33,100,45,80
185,60f2ff8eae3b3d2c1855310d,Copycat,56,10,21,25,54,60
186,60f2ff8eae3b3d2c1855310e,Corsair,0,16,0,0,0,0
187,60f2ff8eae3b3d2c1855310f,Cottonmouth,50,10,8,10,27,25
188,60f2ff8eae3b3d2c18553110,Crimson Crusader,0,58,0,0,0,0
189,60f2ff8eae3b3d2c18553111,Crimson Dynamo,0,65,0,0,0,0
190,60f2ff8eae3b3d2c18553112,Crystal,63,16,12,14,61,56
191,60f2ff8eae3b3d2c18553113,Curse,0,0,0,0,0,0
192,60f2ff8eae3b3d2c18553114,Cy-Gor,0,96,0,0,0,0
193,60f2ff8eae3b3d2c18553115,Cyborg,75,53,42,85,71,64
194,60f2ff8eae3b3d2c18553116,Cyborg Superman,75,93,92,100,100,80
195,60f2ff8eae3b3d2c18553117,Cyclops,75,10,23,42,76,80
196,60f2ff8eae3b3d2c18553118,Cypher,0,44,0,0,0,0
197,60f2ff8eae3b3d2c18553119,Dagger,63,10,35,42,52,70
198,60f2ff8eae3b3d2c1855311a,Danny Cooper,0,0,0,0,0,0
199,60f2ff8eae3b3d2c1855311b,Daphne Powell,38,10,8,10,56,10
200,60f2ff8eae3b3d2c1855311c,Daredevil,75,13,25,35,61,100
201,60f2ff8eae3b3d2c1855311d,Darkhawk,50,32,33,70,74,64
202,60f2ff8eae3b3d2c1855311e,Darkman,75,14,23,85,12,28
203,60f2ff8eae3b3d2c1855311f,Darkseid,88,100,83,100,100,95
204,60f2ff8eae3b3d2c18553120,Darkside,0,0,0,0,0,0
205,60f2ff8eae3b3d2c18553121,Darkstar,38,8,35,42,79,64
206,60f2ff8eae3b3d2c18553122,Darth Maul,56,48,50,30,100,100
207,60f2ff8eae3b3d2c18553123,Darth Vader,69,48,33,35,100,100
208,60f2ff8eae3b3d2c18553124,Dash,25,12,92,60,20,30
209,60f2ff8eae3b3d2c18553125,Data,100,32,21,40,56,50
210,60f2ff8eae3b3d2c18553126,Dazzler,63,10,33,60,100,55
211,60f2ff8eae3b3d2c18553127,Deadman,50,10,33,100,100,42
212,60f2ff8eae3b3d2c18553128,Deadpool,69,32,50,100,100,100
213,60f2ff8eae3b3d2c18553129,Deadshot,50,10,23,28,55,80
214,60f2ff8eae3b3d2c1855312a,Deathlok,69,32,30,70,40,60
215,60f2ff8eae3b3d2c1855312b,Deathstroke,75,30,35,100,47,90
216,60f2ff8eae3b3d2c1855312c,Demogoblin,50,48,42,35,67,60
217,60f2ff8eae3b3d2c1855312d,Destroyer,50,95,58,98,85,70
218,60f2ff8eae3b3d2c1855312e,Diamondback,44,16,23,28,45,60
219,60f2ff8eae3b3d2c1855312f,DL Hawkins,50,12,12,56,48,56
220,60f2ff8eae3b3d2c18553130,Doc Samson,75,80,33,80,36,70
221,60f2ff8eae3b3d2c18553131,Doctor Doom,100,32,20,100,100,84
222,60f2ff8eae3b3d2c18553132,Doctor Doom II,0,0,0,0,0,0
223,60f2ff8eae3b3d2c18553133,Doctor Fate,81,16,25,80,100,50
224,60f2ff8eae3b3d2c18553134,Doctor Octopus,94,48,33,40,53,65
225,60f2ff8eae3b3d2c18553135,Doctor Strange,100,10,12,84,100,60
226,60f2ff8eae3b3d2c18553136,Domino,63,10,27,28,49,74
227,60f2ff8eae3b3d2c18553137,Donatello,88,14,46,60,58,75
228,60f2ff8eae3b3d2c18553138,Donna Troy,0,89,0,0,0,0
229,60f2ff8eae3b3d2c18553139,Doomsday,75,100,67,100,100,90
230,60f2ff8eae3b3d2c1855313a,Doppelganger,8,63,60,95,69,84
231,60f2ff8eae3b3d2c1855313b,Dormammu,88,95,83,100,100,80
232,60f2ff8eae3b3d2c1855313c,Dr Manhattan,88,100,42,100,100,42
233,60f2ff8eae3b3d2c1855313d,Drax the Destroyer,56,80,25,85,46,65
234,60f2ff8eae3b3d2c1855313e,Ego,88,80,83,99,71,28
235,60f2ff8eae3b3d2c1855313f,Elastigirl,63,32,33,95,52,70
236,60f2ff8eae3b3d2c18553140,Electro,69,10,50,56,67,64
237,60f2ff8eae3b3d2c18553141,Elektra,63,11,30,28,59,100
238,60f2ff8eae3b3d2c18553142,Elle Bishop,50,8,12,42,63,42
239,60f2ff8eae3b3d2c18553143,Elongated Man,75,10,33,90,44,40
240,60f2ff8eae3b3d2c18553144,Emma Frost,75,63,35,90,100,42
241,60f2ff8eae3b3d2c18553145,Enchantress,63,14,25,60,100,40
242,60f2ff8eae3b3d2c18553146,Energy,0,0,0,0,0,0
243,60f2ff8eae3b3d2c18553147,ERG-1,0,0,0,0,0,0
244,60f2ff8eae3b3d2c18553148,Ethan Hunt,75,11,29,30,26,95
245,60f2ff8eae3b3d2c18553149,Etrigan,50,85,17,100,100,50
246,60f2ff8eae3b3d2c1855314a,Evil Deadpool,69,32,50,100,100,100
247,60f2ff8eae3b3d2c1855314b,Evilhawk,50,32,33,70,85,64
248,60f2ff8eae3b3d2c1855314c,Exodus,63,81,28,28,100,70
249,60f2ff8eae3b3d2c1855314d,Fabian Cortez,0,0,0,0,0,0
250,60f2ff8eae3b3d2c1855314e,Falcon,38,13,50,28,22,64
251,60f2ff8eae3b3d2c1855314f,Fallen One II,88,85,83,100,100,56
252,60f2ff8eae3b3d2c18553150,Faora,88,95,75,100,98,90
253,60f2ff8eae3b3d2c18553151,Feral,38,28,45,28,27,70
254,60f2ff8eae3b3d2c18553152,Fighting Spirit,0,0,0,0,0,0
255,60f2ff8eae3b3d2c18553153,Fin Fang Foom,50,81,23,100,75,70
256,60f2ff8eae3b3d2c18553154,Firebird,38,8,40,14,100,42
257,60f2ff8eae3b3d2c18553155,Firelord,38,63,75,90,52,28
258,60f2ff8eae3b3d2c18553156,Firestar,50,8,54,55,71,32
259,60f2ff8eae3b3d2c18553157,Firestorm,50,53,58,56,100,42
260,60f2ff8eae3b3d2c18553158,Firestorm,38,80,58,80,100,40
261,60f2ff8eae3b3d2c18553159,Fixer,0,0,0,0,0,0
262,60f2ff8eae3b3d2c1855315a,Flash,63,10,100,50,68,32
263,60f2ff8eae3b3d2c1855315b,Flash Gordon,0,69,0,0,0,0
264,60f2ff8eae3b3d2c1855315c,Flash II,88,48,100,60,100,60
265,60f2ff8eae3b3d2c1855315d,Flash III,63,10,100,60,100,32
266,60f2ff8eae3b3d2c1855315e,Flash IV,63,10,100,32,100,48
267,60f2ff8eae3b3d2c1855315f,Forge,63,10,12,28,25,48
268,60f2ff8eae3b3d2c18553160,Franklin Richards,63,80,50,60,100,50
269,60f2ff8eae3b3d2c18553161,Franklin Storm,38,10,1,1,0,10
270,60f2ff8eae3b3d2c18553162,Frenzy,63,53,35,100,38,52
271,60f2ff8eae3b3d2c18553163,Frigga,0,0,0,0,0,0
272,60f2ff8eae3b3d2c18553164,Galactus,100,100,83,100,100,50
273,60f2ff8eae3b3d2c18553165,Gambit,63,10,23,28,55,84
274,60f2ff8eae3b3d2c18553166,Gamora,75,85,42,85,53,100
275,60f2ff8eae3b3d2c18553167,Garbage Man,0,82,0,0,0,0
276,60f2ff8eae3b3d2c18553168,Gary Bell,63,5,8,10,54,10
277,60f2ff8eae3b3d2c18553169,General Zod,94,100,96,100,100,95
278,60f2ff8eae3b3d2c1855316a,Genesis,0,68,0,0,0,0
279,60f2ff8eae3b3d2c1855316b,Ghost Rider,50,55,25,100,100,60
280,60f2ff8eae3b3d2c1855316c,Ghost Rider II,0,70,0,0,0,0
281,60f2ff8eae3b3d2c1855316d,Giant-Man,0,78,0,0,0,0
282,60f2ff8eae3b3d2c1855316e,Giant-Man II,0,0,0,0,0,0
283,60f2ff8eae3b3d2c1855316f,Giganta,81,89,23,85,32,42
284,60f2ff8eae3b3d2c18553170,Gladiator,50,100,100,100,77,70
285,60f2ff8eae3b3d2c18553171,Goblin Queen,75,10,23,28,65,56
286,60f2ff8eae3b3d2c18553172,Godzilla,44,100,54,100,100,20
287,60f2ff8eae3b3d2c18553173,Gog,50,34,47,72,39,56
288,60f2ff8eae3b3d2c18553174,Goku,56,100,75,90,100,100
289,60f2ff8eae3b3d2c18553175,Goliath,0,0,0,0,0,0
290,60f2ff8eae3b3d2c18553176,Goliath,0,0,0,0,0,0
291,60f2ff8eae3b3d2c18553177,Goliath,0,0,0,0,0,0
292,60f2ff8eae3b3d2c18553178,Goliath IV,0,0,0,0,0,0
293,60f2ff8eae3b3d2c18553179,Gorilla Grodd,81,53,33,70,100,65
294,60f2ff8eae3b3d2c1855317a,Granny Goodness,0,96,0,0,0,0
295,60f2ff8eae3b3d2c1855317b,Gravity,50,32,33,40,69,30
296,60f2ff8eae3b3d2c1855317c,Greedo,38,10,13,15,31,40
297,60f2ff8eae3b3d2c1855317d,Green Arrow,81,12,35,28,39,90
298,60f2ff8eae3b3d2c1855317e,Green Goblin,100,48,38,60,48,50
299,60f2ff8eae3b3d2c1855317f,Green Goblin II,75,55,37,50,44,26
300,60f2ff8eae3b3d2c18553180,Green Goblin III,0,0,0,0,0,0
301,60f2ff8eae3b3d2c18553181,Green Goblin IV,0,0,0,0,0,0
302,60f2ff8eae3b3d2c18553182,Groot,75,85,33,70,100,64
303,60f2ff8eae3b3d2c18553183,Guardian,0,45,0,0,0,0
304,60f2ff8eae3b3d2c18553184,Guy Gardner,38,90,53,64,100,64
305,60f2ff8eae3b3d2c18553185,Hal Jordan,69,90,75,80,100,70
306,60f2ff8eae3b3d2c18553186,Han Solo,50,10,17,20,43,60
307,60f2ff8eae3b3d2c18553187,Hancock,63,90,67,100,100,50
308,60f2ff8eae3b3d2c18553188,Harley Quinn,88,12,33,65,55,80
309,60f2ff8eae3b3d2c18553189,Harry Potter,75,7,21,10,100,50
310,60f2ff8eae3b3d2c1855318a,Havok,63,10,25,60,71,45
311,60f2ff8eae3b3d2c1855318b,Hawk,38,38,35,95,43,42
312,60f2ff8eae3b3d2c1855318c,Hawkeye,56,12,21,10,29,80
313,60f2ff8eae3b3d2c1855318d,Hawkeye II,50,6,8,10,24,50
314,60f2ff8eae3b3d2c1855318e,Hawkgirl,50,28,53,99,96,72
315,60f2ff8eae3b3d2c1855318f,Hawkman,0,66,0,0,0,0
316,60f2ff8eae3b3d2c18553190,Hawkwoman,0,96,0,0,0,0
317,60f2ff8eae3b3d2c18553191,Hawkwoman II,0,0,0,0,0,0
318,60f2ff8eae3b3d2c18553192,Hawkwoman III,0,92,0,0,0,0
319,60f2ff8eae3b3d2c18553193,Heat Wave,38,10,17,45,27,30
320,60f2ff8eae3b3d2c18553194,Hela,63,100,46,100,100,45
321,60f2ff8eae3b3d2c18553195,Hellboy,63,53,21,95,73,75
322,60f2ff8eae3b3d2c18553196,Hellcat,63,11,33,45,46,70
323,60f2ff8eae3b3d2c18553197,Hellstorm,0,56,0,0,0,0
324,60f2ff8eae3b3d2c18553198,Hercules,63,100,46,85,89,100
325,60f2ff8eae3b3d2c18553199,Hiro Nakamura,0,15,0,0,0,0
326,60f2ff8eae3b3d2c1855319a,Hit-Girl,56,7,29,20,27,65
327,60f2ff8eae3b3d2c1855319b,Hobgoblin,0,53,0,0,0,0
328,60f2ff8eae3b3d2c1855319c,Hollow,0,0,0,0,0,0
329,60f2ff8eae3b3d2c1855319d,Hope Summers,63,10,12,32,93,75
330,60f2ff8eae3b3d2c1855319e,Howard the Duck,0,44,0,0,0,0
331,60f2ff8eae3b3d2c1855319f,Hulk,88,100,63,100,98,85
332,60f2ff8eae3b3d2c185531a0,Human Torch,63,11,63,70,87,42
333,60f2ff8eae3b3d2c185531a1,Huntress,69,10,23,28,34,95
334,60f2ff8eae3b3d2c185531a2,Husk,63,63,35,78,48,64
335,60f2ff8eae3b3d2c185531a3,Hybrid,63,63,58,75,100,80
336,60f2ff8eae3b3d2c185531a4,Hydro-Man,38,13,25,80,66,50
337,60f2ff8eae3b3d2c185531a5,Hyperion,88,100,100,95,87,80
338,60f2ff8eae3b3d2c185531a6,Iceman,63,32,53,100,100,64
339,60f2ff8eae3b3d2c185531a7,Impulse,50,10,100,60,74,60
340,60f2ff8eae3b3d2c185531a8,Indiana Jones,69,10,17,30,19,30
341,60f2ff8eae3b3d2c185531a9,Indigo,75,63,50,50,100,50
342,60f2ff8eae3b3d2c185531aa,Ink,38,28,17,40,73,50
343,60f2ff8eae3b3d2c185531ab,Invisible Woman,88,10,27,85,93,56
344,60f2ff8eae3b3d2c185531ac,Iron Fist,75,55,33,50,95,100
345,60f2ff8eae3b3d2c185531ad,Iron Man,100,85,58,85,100,64
346,60f2ff8eae3b3d2c185531ae,Iron Monger,88,63,25,90,57,56
347,60f2ff8eae3b3d2c185531af,Isis,75,48,75,46,50,56
348,60f2ff8eae3b3d2c185531b0,Jack Bauer,0,43,0,0,0,0
349,60f2ff8eae3b3d2c185531b1,Jack of Hearts,63,55,100,30,77,30
350,60f2ff8eae3b3d2c185531b2,Jack-Jack,6,34,67,80,100,6
351,60f2ff8eae3b3d2c185531b3,James Bond,88,13,17,35,25,90
352,60f2ff8eae3b3d2c185531b4,James T. Kirk,69,11,17,30,30,75
353,60f2ff8eae3b3d2c185531b5,Jar Jar Binks,10,6,33,10,21,15
354,60f2ff8eae3b3d2c185531b6,Jason Bourne,88,12,29,30,26,100
355,60f2ff8eae3b3d2c185531b7,Jean Grey,94,80,21,20,92,70
356,60f2ff8eae3b3d2c185531b8,Jean-Luc Picard,75,10,17,30,26,65
357,60f2ff8eae3b3d2c185531b9,Jennifer Kale,75,10,35,42,74,72
358,60f2ff8eae3b3d2c185531ba,Jesse Quick,0,42,0,0,0,0
359,60f2ff8eae3b3d2c185531bb,Jessica Cruz,56,90,46,50,100,55
360,60f2ff8eae3b3d2c185531bc,Jessica Jones,56,44,50,70,18,55
361,60f2ff8eae3b3d2c185531bd,Jessica Sanders,0,0,0,0,0,0
362,60f2ff8eae3b3d2c185531be,Jigsaw,0,0,0,0,0,0
363,60f2ff8eae3b3d2c185531bf,Jim Powell,38,38,23,80,23,20
364,60f2ff8eae3b3d2c185531c0,JJ Powell,88,10,8,10,14,10
365,60f2ff8eae3b3d2c185531c1,Johann Krauss,0,30,0,0,0,0
366,60f2ff8eae3b3d2c185531c2,John Constantine,63,10,8,40,54,65
367,60f2ff8eae3b3d2c185531c3,John Stewart,56,85,42,64,100,65
368,60f2ff8eae3b3d2c185531c4,John Wraith,75,12,35,28,87,80
369,60f2ff8eae3b3d2c185531c5,Joker,100,10,12,60,43,70
370,60f2ff8eae3b3d2c185531c6,Jolt,63,12,27,32,31,42
371,60f2ff8eae3b3d2c185531c7,Jubilee,56,8,22,20,66,90
372,60f2ff8eae3b3d2c185531c8,Judge Dredd,75,18,38,50,52,95
373,60f2ff8eae3b3d2c185531c9,Juggernaut,44,100,42,100,85,70
374,60f2ff8eae3b3d2c185531ca,Junkpile,50,38,17,90,81,30
375,60f2ff8eae3b3d2c185531cb,Justice,50,10,33,70,55,30
376,60f2ff8eae3b3d2c185531cc,Jyn Erso,0,0,0,0,0,0
377,60f2ff8eae3b3d2c185531cd,K-2SO,0,0,0,0,0,0
378,60f2ff8eae3b3d2c185531ce,Kang,100,48,58,70,100,70
379,60f2ff8eae3b3d2c185531cf,Kathryn Janeway,75,8,21,25,21,50
380,60f2ff8eae3b3d2c185531d0,Katniss Everdeen,56,8,21,25,24,55
381,60f2ff8eae3b3d2c185531d1,Kevin 11,25,7,12,14,100,40
382,60f2ff8eae3b3d2c185531d2,Kick-Ass,38,10,23,35,22,56
383,60f2ff8eae3b3d2c185531d3,Kid Flash,25,4,92,42,20,30
384,60f2ff8eae3b3d2c185531d4,Kid Flash II,0,47,0,0,0,0
385,60f2ff8eae3b3d2c185531d5,Killer Croc,19,53,35,90,53,60
386,60f2ff8eae3b3d2c185531d6,Killer Frost,88,10,13,35,59,30
387,60f2ff8eae3b3d2c185531d7,Kilowog,81,90,53,42,100,80
388,60f2ff8eae3b3d2c185531d8,King Kong,56,100,71,75,47,75
389,60f2ff8eae3b3d2c185531d9,King Shark,50,88,50,90,86,40
390,60f2ff8eae3b3d2c185531da,Kingpin,75,18,25,40,13,70
391,60f2ff8eae3b3d2c185531db,Klaw,63,38,33,100,62,60
392,60f2ff8eae3b3d2c185531dc,Kool-Aid Man,25,18,8,10,9,14
393,60f2ff8eae3b3d2c185531dd,Kraven II,50,34,23,28,43,85
394,60f2ff8eae3b3d2c185531de,Kraven the Hunter,63,32,35,42,25,85
395,60f2ff8eae3b3d2c185531df,Krypto,9,80,100,90,82,40
396,60f2ff8eae3b3d2c185531e0,Kyle Rayner,69,90,50,60,100,60
397,60f2ff8eae3b3d2c185531e1,Kylo Ren,56,44,33,30,100,70
398,60f2ff8eae3b3d2c185531e2,Lady Bullseye,0,63,0,0,0,0
399,60f2ff8eae3b3d2c185531e3,Lady Deathstrike,63,28,42,85,48,90
400,60f2ff8eae3b3d2c185531e4,Leader,100,10,12,14,59,42
401,60f2ff8eae3b3d2c185531e5,Leech,25,5,12,14,62,14
402,60f2ff8eae3b3d2c185531e6,Legion,50,100,42,30,100,75
403,60f2ff8eae3b3d2c185531e7,Leonardo,75,16,50,65,59,80
404,60f2ff8eae3b3d2c185531e8,Lex Luthor,100,53,25,65,68,70
405,60f2ff8eae3b3d2c185531e9,Light Lass,38,10,35,28,67,42
406,60f2ff8eae3b3d2c185531ea,Lightning Lad,38,10,23,28,60,42
407,60f2ff8eae3b3d2c185531eb,Lightning Lord,44,10,23,42,66,42
408,60f2ff8eae3b3d2c185531ec,Living Brain,75,53,35,56,31,28
409,60f2ff8eae3b3d2c185531ed,Living Tribunal,100,100,100,100,100,30
410,60f2ff8eae3b3d2c185531ee,Liz Sherman,0,0,0,0,0,0
411,60f2ff8eae3b3d2c185531ef,Lizard,50,51,27,70,63,56
412,60f2ff8eae3b3d2c185531f0,Lobo,94,100,54,100,100,85
413,60f2ff8eae3b3d2c185531f1,Loki,88,63,46,85,100,60
414,60f2ff8eae3b3d2c185531f2,Longshot,50,10,27,10,71,70
415,60f2ff8eae3b3d2c185531f3,Luke Cage,50,63,29,95,44,70
416,60f2ff8eae3b3d2c185531f4,Luke Campbell,0,0,0,0,0,0
417,60f2ff8eae3b3d2c185531f5,Luke Skywalker,69,38,42,25,100,100
418,60f2ff8eae3b3d2c185531f6,Luna,38,6,83,14,53,14
419,60f2ff8eae3b3d2c185531f7,Lyja,0,0,0,0,0,0
420,60f2ff8eae3b3d2c185531f8,Mach-IV,75,36,60,84,60,56
421,60f2ff8eae3b3d2c185531f9,Machine Man,63,32,35,84,51,64
422,60f2ff8eae3b3d2c185531fa,Magneto,88,80,27,84,91,80
423,60f2ff8eae3b3d2c185531fb,Magog,50,48,23,64,66,72
424,60f2ff8eae3b3d2c185531fc,Magus,88,100,70,99,100,74
425,60f2ff8eae3b3d2c185531fd,Man of Miracles,100,100,100,100,100,100
426,60f2ff8eae3b3d2c185531fe,Man-Bat,38,18,50,70,33,30
427,60f2ff8eae3b3d2c185531ff,Man-Thing,50,32,8,100,100,40
428,60f2ff8eae3b3d2c18553200,Man-Wolf,63,44,35,42,45,70
429,60f2ff8eae3b3d2c18553201,Mandarin,100,28,23,28,100,95
430,60f2ff8eae3b3d2c18553202,Mantis,63,8,33,80,100,80
431,60f2ff8eae3b3d2c18553203,Martian Manhunter,100,95,92,100,100,85
432,60f2ff8eae3b3d2c18553204,Marvel Girl,63,85,47,42,100,80
433,60f2ff8eae3b3d2c18553205,Master Brood,0,0,0,0,0,0
434,60f2ff8eae3b3d2c18553206,Master Chief,75,73,35,80,69,100
435,60f2ff8eae3b3d2c18553207,Match,75,95,83,85,100,70
436,60f2ff8eae3b3d2c18553208,Matt Parkman,63,10,12,14,59,56
437,60f2ff8eae3b3d2c18553209,Maverick,63,10,12,42,60,85
438,60f2ff8eae3b3d2c1855320a,Maxima,75,90,35,56,81,75
439,60f2ff8eae3b3d2c1855320b,Maya Herrera,50,10,12,14,60,14
440,60f2ff8eae3b3d2c1855320c,Medusa,75,34,35,70,37,56
441,60f2ff8eae3b3d2c1855320d,Meltdown,38,10,12,42,62,64
442,60f2ff8eae3b3d2c1855320e,Mephisto,88,85,35,95,100,42
443,60f2ff8eae3b3d2c1855320f,Mera,56,62,79,60,92,80
444,60f2ff8eae3b3d2c18553210,Metallo,75,53,23,95,86,64
445,60f2ff8eae3b3d2c18553211,Metamorpho,0,82,0,0,0,0
446,60f2ff8eae3b3d2c18553212,Meteorite,0,0,0,0,0,0
447,60f2ff8eae3b3d2c18553213,Metron,88,10,47,56,100,28
448,60f2ff8eae3b3d2c18553214,Micah Sanders,63,8,12,14,57,14
449,60f2ff8eae3b3d2c18553215,Michelangelo,63,14,50,65,59,75
450,60f2ff8eae3b3d2c18553216,Micro Lad,38,28,27,28,44,32
451,60f2ff8eae3b3d2c18553217,Mimic,63,67,47,56,79,42
452,60f2ff8eae3b3d2c18553218,Minna Murray,0,0,0,0,0,0
453,60f2ff8eae3b3d2c18553219,Misfit,63,32,23,80,91,42
454,60f2ff8eae3b3d2c1855321a,Miss Martian,63,85,58,100,100,45
455,60f2ff8eae3b3d2c1855321b,Mister Fantastic,100,10,18,70,33,64
456,60f2ff8eae3b3d2c1855321c,Mister Freeze,75,32,12,70,37,28
457,60f2ff8eae3b3d2c1855321d,Mister Knife,75,10,17,30,13,65
458,60f2ff8eae3b3d2c1855321e,Mister Mxyzptlk,100,85,100,100,100,50
459,60f2ff8eae3b3d2c1855321f,Mister Sinister,100,48,46,90,100,50
460,60f2ff8eae3b3d2c18553220,Mister Zsasz,88,22,33,28,18,85
461,60f2ff8eae3b3d2c18553221,Mockingbird,75,31,38,20,48,95
462,60f2ff8eae3b3d2c18553222,MODOK,100,18,25,25,79,15
463,60f2ff8eae3b3d2c18553223,Mogo,0,0,0,0,0,0
464,60f2ff8eae3b3d2c18553224,Mohinder Suresh,0,0,0,0,0,0
465,60f2ff8eae3b3d2c18553225,Moloch,0,0,0,0,0,0
466,60f2ff8eae3b3d2c18553226,Molten Man,50,73,23,84,53,56
467,60f2ff8eae3b3d2c18553227,Monarch,0,100,0,0,0,0
468,60f2ff8eae3b3d2c18553228,Monica Dawson,50,10,35,14,48,90
469,60f2ff8eae3b3d2c18553229,Moon Knight,50,36,23,42,28,75
470,60f2ff8eae3b3d2c1855322a,Moonstone,56,67,47,52,74,80
471,60f2ff8eae3b3d2c1855322b,Morlun,63,60,35,42,74,56
472,60f2ff8eae3b3d2c1855322c,Morph,0,40,0,0,0,0
473,60f2ff8eae3b3d2c1855322d,Moses Magnum,75,28,12,42,55,56
474,60f2ff8eae3b3d2c1855322e,Mr Immortal,50,10,8,100,69,30
475,60f2ff8eae3b3d2c1855322f,Mr Incredible,50,83,33,95,29,40
476,60f2ff8eae3b3d2c18553230,Ms Marvel II,38,63,23,84,11,56
477,60f2ff8eae3b3d2c18553231,Multiple Man,63,11,23,70,28,62
478,60f2ff8eae3b3d2c18553232,Mysterio,81,10,17,40,82,70
479,60f2ff8eae3b3d2c18553233,Mystique,75,12,23,64,64,74
480,60f2ff8eae3b3d2c18553234,Namor,69,95,58,70,73,85
481,60f2ff8eae3b3d2c18553235,Namor,0,0,0,0,0,0
482,60f2ff8eae3b3d2c18553236,Namora,50,85,42,42,48,64
483,60f2ff8eae3b3d2c18553237,Namorita,50,72,47,70,37,70
484,60f2ff8eae3b3d2c18553238,Naruto Uzumaki,50,80,32,80,100,100
485,60f2ff8eae3b3d2c18553239,Nathan Petrelli,0,0,0,0,0,0
486,60f2ff8eae3b3d2c1855323a,Nebula,63,52,13,50,42,60
487,60f2ff8eae3b3d2c1855323b,Negasonic Teenage Warhead,50,7,8,10,45,35
488,60f2ff8eae3b3d2c1855323c,Nick Fury,75,11,23,42,25,100
489,60f2ff8eae3b3d2c1855323d,Nightcrawler,50,10,47,14,76,80
490,60f2ff8eae3b3d2c1855323e,Nightwing,88,11,33,28,36,100
491,60f2ff8eae3b3d2c1855323f,Niki Sanders,63,52,35,28,37,56
492,60f2ff8eae3b3d2c18553240,Nina Theroux,63,5,8,10,68,20
493,60f2ff8eae3b3d2c18553241,Nite Owl II,0,45,0,0,0,0
494,60f2ff8eae3b3d2c18553242,Northstar,50,18,83,56,65,70
495,60f2ff8eae3b3d2c18553243,Nova,100,85,75,100,100,80
496,60f2ff8eae3b3d2c18553244,Nova,63,60,100,100,100,35
497,60f2ff8eae3b3d2c18553245,Odin,100,83,67,95,100,90
498,60f2ff8eae3b3d2c18553246,Offspring,50,10,35,99,100,56
499,60f2ff8eae3b3d2c18553247,Omega Red,0,61,0,0,0,0
500,60f2ff8eae3b3d2c18553248,Omniscient,0,0,0,0,0,0
501,60f2ff8eae3b3d2c18553249,One Punch Man,38,100,83,95,55,50
502,60f2ff8eae3b3d2c1855324a,One-Above-All,100,100,100,100,100,100
503,60f2ff8eae3b3d2c1855324b,Onslaught,88,100,33,100,100,55
504,60f2ff8eae3b3d2c1855324c,Oracle,75,11,23,28,19,76
505,60f2ff8eae3b3d2c1855324d,Osiris,75,85,60,95,65,42
506,60f2ff8eae3b3d2c1855324e,Overtkill,0,0,0,0,0,0
507,60f2ff8eae3b3d2c1855324f,Ozymandias,100,18,33,20,49,95
508,60f2ff8eae3b3d2c18553250,Parademon,9,28,17,50,53,25
509,60f2ff8eae3b3d2c18553251,Paul Blart,8,11,21,50,7,5
510,60f2ff8eae3b3d2c18553252,Penance,0,0,0,0,0,0
511,60f2ff8eae3b3d2c18553253,Penance I,0,0,0,0,0,0
512,60f2ff8eae3b3d2c18553254,Penance II,0,20,0,0,0,0
513,60f2ff8eae3b3d2c18553255,Penguin,75,10,12,28,30,45
514,60f2ff8eae3b3d2c18553256,Phantom,0,48,0,0,0,0
515,60f2ff8eae3b3d2c18553257,Phantom Girl,38,10,23,28,53,42
516,60f2ff8eae3b3d2c18553258,Phoenix,100,100,83,100,100,80
517,60f2ff8eae3b3d2c18553259,Plantman,63,60,25,55,61,25
518,60f2ff8eae3b3d2c1855325a,Plastic Lad,0,0,0,0,0,0
519,60f2ff8eae3b3d2c1855325b,Plastic Man,50,63,23,100,100,56
520,60f2ff8eae3b3d2c1855325c,Plastique,50,10,23,28,60,42
521,60f2ff8eae3b3d2c1855325d,Poison Ivy,81,14,21,40,100,40
522,60f2ff8eae3b3d2c1855325e,Polaris,63,73,42,50,100,45
523,60f2ff8eae3b3d2c1855325f,Power Girl,94,100,100,100,100,75
524,60f2ff8eae3b3d2c18553260,Power Man,0,82,0,0,0,0
525,60f2ff8eae3b3d2c18553261,Predator,63,30,25,85,100,90
526,60f2ff8eae3b3d2c18553262,Professor X,100,8,12,14,100,32
527,60f2ff8eae3b3d2c18553263,Professor Zoom,94,10,100,20,83,20
528,60f2ff8eae3b3d2c18553264,Psylocke,63,33,25,40,100,90
529,60f2ff8eae3b3d2c18553265,Punisher,69,16,21,45,42,100
530,60f2ff8eae3b3d2c18553266,Purple Man,56,10,8,30,92,10
531,60f2ff8eae3b3d2c18553267,Pyro,38,10,12,14,54,28
532,60f2ff8eae3b3d2c18553268,Q,100,12,17,100,100,40
533,60f2ff8eae3b3d2c18553269,Quantum,0,0,0,0,0,0
534,60f2ff8eae3b3d2c1855326a,Question,81,14,27,35,20,80
535,60f2ff8eae3b3d2c1855326b,Quicksilver,63,28,100,60,81,56
536,60f2ff8eae3b3d2c1855326c,Quill,38,10,12,14,23,14
537,60f2ff8eae3b3d2c1855326d,Ra's Al Ghul,100,28,32,42,27,100
538,60f2ff8eae3b3d2c1855326e,Rachel Pirzad,63,4,8,10,52,10
539,60f2ff8eae3b3d2c1855326f,Rambo,63,14,25,30,30,100
540,60f2ff8eae3b3d2c18553270,Raphael,63,17,50,65,59,80
541,60f2ff8eae3b3d2c18553271,Raven,50,10,29,70,84,40
542,60f2ff8eae3b3d2c18553272,Ray,50,10,92,100,100,20
543,60f2ff8eae3b3d2c18553273,Razor-Fist II,0,0,0,0,0,0
544,60f2ff8eae3b3d2c18553274,Red Arrow,63,16,25,20,23,80
545,60f2ff8eae3b3d2c18553275,Red Hood,75,12,23,28,35,95
546,60f2ff8eae3b3d2c18553276,Red Hulk,50,100,47,85,82,75
547,60f2ff8eae3b3d2c18553277,Red Mist,25,10,23,14,20,56
548,60f2ff8eae3b3d2c18553278,Red Robin,81,11,27,32,29,80
549,60f2ff8eae3b3d2c18553279,Red Skull,75,10,12,14,19,80
550,60f2ff8eae3b3d2c1855327a,Red Tornado,75,38,67,60,100,40
551,60f2ff8eae3b3d2c1855327b,Redeemer II,0,0,0,0,0,0
552,60f2ff8eae3b3d2c1855327c,Redeemer III,0,0,0,0,0,0
553,60f2ff8eae3b3d2c1855327d,Renata Soliz,0,0,0,0,0,0
554,60f2ff8eae3b3d2c1855327e,Rey,63,8,21,10,87,35
555,60f2ff8eae3b3d2c1855327f,Rhino,25,80,43,90,36,85
556,60f2ff8eae3b3d2c18553280,Rick Flag,88,11,23,28,19,95
557,60f2ff8eae3b3d2c18553281,Riddler,100,10,12,14,10,14
558,60f2ff8eae3b3d2c18553282,Rip Hunter,100,8,8,10,100,25
559,60f2ff8eae3b3d2c18553283,Ripcord,0,0,0,0,0,0
560,60f2ff8eae3b3d2c18553284,Robin,88,11,27,28,32,85
561,60f2ff8eae3b3d2c18553285,Robin II,75,11,27,28,28,85
562,60f2ff8eae3b3d2c18553286,Robin III,81,11,27,28,29,85
563,60f2ff8eae3b3d2c18553287,Robin V,69,8,33,16,29,65
564,60f2ff8eae3b3d2c18553288,Robin VI,50,8,25,20,17,70
565,60f2ff8eae3b3d2c18553289,Rocket Raccoon,50,5,23,28,28,64
566,60f2ff8eae3b3d2c1855328a,Rogue,75,10,12,28,80,80
567,60f2ff8eae3b3d2c1855328b,Ronin,56,12,21,10,13,80
568,60f2ff8eae3b3d2c1855328c,Rorschach,75,10,29,20,23,80
569,60f2ff8eae3b3d2c1855328d,Sabretooth,56,48,38,90,50,100
570,60f2ff8eae3b3d2c1855328e,Sage,75,10,12,14,28,56
571,60f2ff8eae3b3d2c1855328f,Sandman,44,75,46,90,100,60
572,60f2ff8eae3b3d2c18553290,Sasquatch,75,80,23,56,15,42
573,60f2ff8eae3b3d2c18553291,Sauron,88,85,33,100,100,70
574,60f2ff8eae3b3d2c18553292,Savage Dragon,63,70,54,85,66,72
575,60f2ff8eae3b3d2c18553293,Scarecrow,81,10,12,14,48,50
576,60f2ff8eae3b3d2c18553294,Scarlet Spider,75,53,60,74,46,56
577,60f2ff8eae3b3d2c18553295,Scarlet Spider II,88,55,60,40,37,56
578,60f2ff8eae3b3d2c18553296,Scarlet Witch,100,10,29,70,100,80
579,60f2ff8eae3b3d2c18553297,Scorpia,38,28,42,28,34,28
580,60f2ff8eae3b3d2c18553298,Scorpion,50,52,60,85,49,80
581,60f2ff8eae3b3d2c18553299,Sebastian Shaw,63,85,12,95,36,56
582,60f2ff8eae3b3d2c1855329a,Sentry,75,100,100,84,100,40
583,60f2ff8eae3b3d2c1855329b,Shadow King,75,12,27,100,100,75
584,60f2ff8eae3b3d2c1855329c,Shadow Lass,63,10,67,20,79,80
585,60f2ff8eae3b3d2c1855329d,Shadowcat,88,8,21,25,69,70
586,60f2ff8eae3b3d2c1855329e,Shang-Chi,63,12,30,50,29,100
587,60f2ff8eae3b3d2c1855329f,Shatterstar,63,48,45,64,49,84
588,60f2ff8eae3b3d2c185532a0,She-Hulk,81,100,42,100,40,70
589,60f2ff8eae3b3d2c185532a1,She-Thing,69,72,21,80,23,65
590,60f2ff8eae3b3d2c185532a2,Shocker,63,10,23,70,79,56
591,60f2ff8eae3b3d2c185532a3,Shriek,50,10,23,28,45,42
592,60f2ff8eae3b3d2c185532a4,Shrinking Violet,0,0,0,0,0,0
593,60f2ff8eae3b3d2c185532a5,Sif,63,90,67,80,100,70
594,60f2ff8eae3b3d2c185532a6,Silk,75,48,71,70,71,65
595,60f2ff8eae3b3d2c185532a7,Silk Spectre,0,0,0,0,0,0
596,60f2ff8eae3b3d2c185532a8,Silk Spectre II,0,51,0,0,0,0
597,60f2ff8eae3b3d2c185532a9,Silver Surfer,56,100,100,90,100,32
598,60f2ff8eae3b3d2c185532aa,Silverclaw,50,28,35,42,34,42
599,60f2ff8eae3b3d2c185532ab,Simon Baz,56,90,42,55,100,60
600,60f2ff8eae3b3d2c185532ac,Sinestro,75,85,53,64,100,55
601,60f2ff8eae3b3d2c185532ad,Siren,56,62,79,60,92,60
602,60f2ff8eae3b3d2c185532ae,Siren II,0,0,0,0,0,0
603,60f2ff8eae3b3d2c185532af,Siryn,38,8,47,28,50,42
604,60f2ff8eae3b3d2c185532b0,Skaar,50,85,27,90,69,85
605,60f2ff8eae3b3d2c185532b1,Snake-Eyes,0,0,0,0,0,0
606,60f2ff8eae3b3d2c185532b2,Snowbird,50,32,27,42,70,52
607,60f2ff8eae3b3d2c185532b3,Sobek,50,34,23,46,20,56
608,60f2ff8eae3b3d2c185532b4,Solomon Grundy,9,93,13,100,92,30
609,60f2ff8eae3b3d2c185532b5,Songbird,75,36,27,42,55,56
610,60f2ff8eae3b3d2c185532b6,Space Ghost,38,18,33,40,95,80
611,60f2ff8eae3b3d2c185532b7,Spawn,75,60,50,90,100,95
612,60f2ff8eae3b3d2c185532b8,Spectre,88,100,100,100,100,70
613,60f2ff8eae3b3d2c185532b9,Speedball,0,0,0,0,0,0
614,60f2ff8eae3b3d2c185532ba,Speedy,50,6,33,20,26,70
615,60f2ff8eae3b3d2c185532bb,Speedy,0,0,0,0,0,0
616,60f2ff8eae3b3d2c185532bc,Spider-Carnage,0,69,0,0,0,0
617,60f2ff8eae3b3d2c185532bd,Spider-Girl,63,38,60,65,53,75
618,60f2ff8eae3b3d2c185532be,Spider-Gwen,75,55,63,70,66,70
619,60f2ff8eae3b3d2c185532bf,Spider-Man,90,55,67,75,74,85
620,60f2ff8eae3b3d2c185532c0,Spider-Man,0,57,0,0,0,0
621,60f2ff8eae3b3d2c185532c1,Spider-Man,0,58,0,0,0,0
622,60f2ff8eae3b3d2c185532c2,Spider-Woman,56,42,42,60,68,70
623,60f2ff8eae3b3d2c185532c3,Spider-Woman II,0,0,0,0,0,0
624,60f2ff8eae3b3d2c185532c4,Spider-Woman III,50,48,27,42,60,28
625,60f2ff8eae3b3d2c185532c5,Spider-Woman IV,0,0,0,0,0,0
626,60f2ff8eae3b3d2c185532c6,Spock,81,18,17,40,56,40
627,60f2ff8eae3b3d2c185532c7,Spyke,50,12,17,60,48,30
628,60f2ff8eae3b3d2c185532c8,Stacy X,0,0,0,0,0,0
629,60f2ff8eae3b3d2c185532c9,Star-Lord,69,20,33,50,25,70
630,60f2ff8eae3b3d2c185532ca,Stardust,88,85,100,110,100,85
631,60f2ff8eae3b3d2c185532cb,Starfire,50,80,33,85,59,70
632,60f2ff8eae3b3d2c185532cc,Stargirl,63,80,25,90,87,55
633,60f2ff8eae3b3d2c185532cd,Static,69,8,42,50,90,40
634,60f2ff8eae3b3d2c185532ce,Steel,81,82,53,90,64,64
635,60f2ff8eae3b3d2c185532cf,Stephanie Powell,69,10,54,10,24,10
636,60f2ff8eae3b3d2c185532d0,Steppenwolf,94,100,83,100,100,100
637,60f2ff8eae3b3d2c185532d1,Storm,75,10,47,30,88,75
638,60f2ff8eae3b3d2c185532d2,Stormtrooper,10,8,8,15,5,20
639,60f2ff8eae3b3d2c185532d3,Sunspot,63,63,35,25,90,70
640,60f2ff8eae3b3d2c185532d4,Superboy,75,95,83,90,95,60
641,60f2ff8eae3b3d2c185532d5,Superboy-Prime,94,100,100,100,100,85
642,60f2ff8eae3b3d2c185532d6,Supergirl,94,100,100,100,100,75
643,60f2ff8eae3b3d2c185532d7,Superman,94,100,100,100,100,85
644,60f2ff8eae3b3d2c185532d8,Swamp Thing,88,95,25,100,100,55
645,60f2ff8eae3b3d2c185532d9,Swarm,75,18,50,90,38,35
646,60f2ff8eae3b3d2c185532da,Sylar,75,10,12,28,91,56
647,60f2ff8eae3b3d2c185532db,Synch,75,67,23,28,74,56
648,60f2ff8eae3b3d2c185532dc,T-1000,75,34,33,100,100,75
649,60f2ff8eae3b3d2c185532dd,T-800,75,34,17,60,73,65
650,60f2ff8eae3b3d2c185532de,T-850,75,80,25,90,83,75
651,60f2ff8eae3b3d2c185532df,T-X,75,63,29,85,100,80
652,60f2ff8eae3b3d2c185532e0,Taskmaster,75,12,50,20,63,100
653,60f2ff8eae3b3d2c185532e1,Tempest,38,10,45,28,66,60
654,60f2ff8eae3b3d2c185532e2,Thanos,100,100,33,100,100,80
655,60f2ff8eae3b3d2c185532e3,The Cape,38,10,23,32,22,64
656,60f2ff8eae3b3d2c185532e4,The Comedian,63,14,17,10,12,80
657,60f2ff8eae3b3d2c185532e5,Thing,75,84,21,100,38,80
658,60f2ff8eae3b3d2c185532e6,Thor,69,100,83,100,100,100
659,60f2ff8eae3b3d2c185532e7,Thor Girl,75,83,70,84,100,70
660,60f2ff8eae3b3d2c185532e8,Thunderbird,50,32,27,32,13,70
661,60f2ff8eae3b3d2c185532e9,Thunderbird II,0,0,0,0,0,0
662,60f2ff8eae3b3d2c185532ea,Thunderbird III,0,0,0,0,0,0
663,60f2ff8eae3b3d2c185532eb,Thunderstrike,63,80,70,84,42,72
664,60f2ff8eae3b3d2c185532ec,Thundra,38,81,32,64,26,54
665,60f2ff8eae3b3d2c185532ed,Tiger Shark,38,72,46,70,51,28
666,60f2ff8eae3b3d2c185532ee,Tigra,63,32,53,38,33,90
667,60f2ff8eae3b3d2c185532ef,Tinkerer,100,10,23,14,10,14
668,60f2ff8eae3b3d2c185532f0,Titan,0,0,0,0,0,0
669,60f2ff8eae3b3d2c185532f1,Toad,50,34,58,56,70,28
670,60f2ff8eae3b3d2c185532f2,Toxin,56,73,70,84,82,70
671,60f2ff8eae3b3d2c185532f3,Toxin,75,80,42,85,97,70
672,60f2ff8eae3b3d2c185532f4,Tracy Strauss,0,0,0,0,0,0
673,60f2ff8eae3b3d2c185532f5,Trickster,0,0,0,0,0,0
674,60f2ff8eae3b3d2c185532f6,Trigon,0,99,0,0,0,0
675,60f2ff8eae3b3d2c185532f7,Triplicate Girl,63,10,23,42,44,42
676,60f2ff8eae3b3d2c185532f8,Triton,56,63,50,65,35,55
677,60f2ff8eae3b3d2c185532f9,Two-Face,88,10,12,14,9,28
678,60f2ff8eae3b3d2c185532fa,Ultragirl,50,80,35,70,35,80
679,60f2ff8eae3b3d2c185532fb,Ultron,88,83,42,100,100,64
680,60f2ff8eae3b3d2c185532fc,Utgard-Loki,50,80,23,84,85,64
681,60f2ff8eae3b3d2c185532fd,Vagabond,0,0,0,0,0,0
682,60f2ff8eae3b3d2c185532fe,Valerie Hart,0,0,0,0,0,0
683,60f2ff8eae3b3d2c185532ff,Valkyrie,0,94,0,0,0,0
684,60f2ff8eae3b3d2c18553300,Vanisher,63,10,75,56,61,42
685,60f2ff8eae3b3d2c18553301,Vegeta,81,100,92,95,100,100
686,60f2ff8eae3b3d2c18553302,Venom,75,57,65,84,86,84
687,60f2ff8eae3b3d2c18553303,Venom II,50,57,47,70,54,56
688,60f2ff8eae3b3d2c18553304,Venom III,63,73,35,90,73,56
689,60f2ff8eae3b3d2c18553305,Venompool,69,57,63,100,100,100
690,60f2ff8eae3b3d2c18553306,Vertigo II,0,0,0,0,0,0
691,60f2ff8eae3b3d2c18553307,Vibe,50,10,17,30,99,30
692,60f2ff8eae3b3d2c18553308,Vindicator,63,63,53,64,58,70
693,60f2ff8eae3b3d2c18553309,Vindicator,0,0,0,0,0,0
694,60f2ff8eae3b3d2c1855330a,Violator,0,53,0,0,0,0
695,60f2ff8eae3b3d2c1855330b,Violet Parr,56,9,13,50,79,15
696,60f2ff8eae3b3d2c1855330c,Vision,100,72,54,95,100,70
697,60f2ff8eae3b3d2c1855330d,Vision II,0,0,0,0,0,0
698,60f2ff8eae3b3d2c1855330e,Vixen,50,38,50,50,62,25
699,60f2ff8eae3b3d2c1855330f,Vulcan,0,56,0,0,0,0
700,60f2ff8eae3b3d2c18553310,Vulture,75,22,42,25,26,30
701,60f2ff8eae3b3d2c18553311,Walrus,50,28,8,50,11,20
702,60f2ff8eae3b3d2c18553312,War Machine,63,80,63,100,100,85
703,60f2ff8eae3b3d2c18553313,Warbird,0,0,0,0,0,0
704,60f2ff8eae3b3d2c18553314,Warlock,88,36,79,95,71,95
705,60f2ff8eae3b3d2c18553315,Warp,38,10,23,28,85,50
706,60f2ff8eae3b3d2c18553316,Warpath,38,72,47,70,26,84
707,60f2ff8eae3b3d2c18553317,Wasp,63,17,58,52,29,42
708,60f2ff8eae3b3d2c18553318,Watcher,100,80,67,89,100,56
709,60f2ff8eae3b3d2c18553319,Weapon XI,0,0,0,0,0,0
710,60f2ff8eae3b3d2c1855331a,White Canary,63,7,33,15,49,90
711,60f2ff8eae3b3d2c1855331b,White Queen,0,0,0,0,0,0
712,60f2ff8eae3b3d2c1855331c,Wildfire,50,32,23,100,77,42
713,60f2ff8eae3b3d2c1855331d,Winter Soldier,56,32,35,65,60,84
714,60f2ff8eae3b3d2c1855331e,Wiz Kid,0,0,0,0,0,0
715,60f2ff8eae3b3d2c1855331f,Wolfsbane,38,16,35,42,26,42
716,60f2ff8eae3b3d2c18553320,Wolverine,63,32,50,100,89,100
717,60f2ff8eae3b3d2c18553321,Wonder Girl,75,90,25,80,39,60
718,60f2ff8eae3b3d2c18553322,Wonder Man,75,100,53,90,64,64
719,60f2ff8eae3b3d2c18553323,Wonder Woman,88,100,79,100,100,100
720,60f2ff8eae3b3d2c18553324,Wondra,0,0,0,0,0,0
721,60f2ff8eae3b3d2c18553325,Wyatt Wingfoot,10,10,12,1,1,56
722,60f2ff8eae3b3d2c18553326,X-23,75,24,42,100,55,95
723,60f2ff8eae3b3d2c18553327,X-Man,88,53,53,95,100,84
724,60f2ff8eae3b3d2c18553328,Yellow Claw,0,0,0,0,0,0
725,60f2ff8eae3b3d2c18553329,Yellowjacket,88,10,12,28,12,14
726,60f2ff8eae3b3d2c1855332a,Yellowjacket II,50,10,35,28,31,28
727,60f2ff8eae3b3d2c1855332b,Ymir,50,100,27,100,98,28
728,60f2ff8eae3b3d2c1855332c,Yoda,88,52,33,25,100,90
729,60f2ff8eae3b3d2c1855332d,Zatanna,81,10,23,28,100,56
730,60f2ff8eae3b3d2c1855332e,Zoom,50,10,100,28,100,28
